,title,author
0,사귄 건 아닌데,민홍
1,바니와 오빠들,니은
2,액괴,서강용
3,그 책에 마음을 주지 마세요,문시현
4,오무라이스 잼잼,조경규
5,뱀파이어님의 대리식사,멜리
6,쓰레기 머학생,수레기
7,환율이 바뀌었나요,YB
8,기숙사(死),이제환
9,교수님을 빚는 중,서아
10,독고3 [완전판],민(meen)
11,강호표사,OZi
12,이대로 멈출 순 없다,자룡
13,환골탈태,마고(mago)
14,그라티아,상민
15,흑우,늙슬
16,사랑하면 디져~트,참치캔
17,천인의 신부,문솔
18,아싸가 알아버렸다,곰브
19,집행자여,종수
20,조류공포증,조눈
21,유부녀의 탄생,김환타
22,롱리브더킹,버드나무숲
23,일단 질러! 질렐루야,yami
24,무지개다리 파수꾼,이서
25,타원을 그리는 법,섬멍
26,연습생 고영신,정현수
27,현세이의 보이는 라디오,이제환
28,니니툰즈,니니즈
29,지옥사원,네온비
30,아비무쌍,노경찬
31,비밀 사이,맥퀸스튜디오
32,너를 만나다,다노아
33,멸종인간,디디
34,사랑하는 존재,향유 크리에이티브
35,딩스뚱스,딩스
36,우리집이거든요!,공룡
37,기프트,정이리이리
38,단두 (斷頭),붉은 발
39,골드핸즈,박하
40,환상의 아이들,김다
41,아싸클럽,랑쓰
42,화폐개혁,윤필
43,해피하우스,장삥준
44,트리거,불만있냥
45,악한 기사,글가애
46,그녀의 앵무새,금계수
47,개목걸이,김종욱
48,대선비쇼에 어서오세요!,아람
49,"신성한, 이혼",강태경
50,악마의 편집,건초
51,신랑이 사라졌다,방자
52,뱀파이어 신드롬,이충호
53,닥터 파인의 하루,김용회
54,니니툰즈,니니즈
55,말하지 말까,마루
56,유부녀 킬러,YOON
57,쌍갑포차,배혜수
58,천광명월,석빈
59,21’ LCK 서머  Summer is Coming,빛돌
60,수린당 -비늘 고치는 집-,일링스
61,후크,나진수
62,두번째 썸,비아이
63,금수친구들,짤태식
64,하나하나둘,고은
65,블랙 베히모스,케이지콘
66,칼집의 아이,김형민
67,방구석 여포,키미하이
68,구원,Axis
69,좋아하면 울리는,천계영
70,이미테이션,박경란
71,악녀의 탄생,TB
72,죽어도! 치우,만백
73,미드나잇 블루,보보군
74,소쩍이 운다,박흥용
75,저승사자 온라인,쑨
76,우리가 사랑하는 방법,기비
77,CELL,강형규
78,조국이 당신을 원한다,숭어
79,키스해주세요,한지혜
80,아버지의 복수는 끝이 없어라,강태진
81,니니툰즈,니니즈
82,프레너미,돌석
83,블랙윈터,정이나
84,러브 스트리밍,마영신
85,샬롯에게는 다섯 명의 제자가 있다,용용
86,뽀짜툰,유리
87,신의 태궁,해소금
88,관존 이강진,노경찬
89,함께 춤을,도연
90,시간이 머문 집,헤고
91,재벌과의 인터뷰,우다
92,침묵의 정원,염라
93,나를 지켜줘,동남
94,26번째 살인,수오
95,록산,백작
96,울화통 고등학교,박세가
97,쑥,문홍조
98,도깨비언덕에 왜 왔니,김용회
99,저기요 손님,강소소
100,시월드 게임 -please save my husband-,송백
101,논현동 장사꾼,김영현
102,스타의 학교생활,올챙구리
103,조국이 당신을 원한다,숭어
104,백의사자,체사
105,살어리랏다,김민소
106,갱스쿨,taibogi
107,백로식당,확천금
108,트러블,NASTY CAT
109,중고거래,주명
110,니니툰즈,니니즈
111,나만 아는 사랑,아임
112,바리공주,김나임
113,소녀신선,효미
114,헤븐 투 헬,김종훈
115,불합격인간,Sepia
116,남남,정영롱
117,퀴퀴한 일기,2B
118,열무와 알타리,유영
119,신락도,다원
120,지금은 연애를 쉽니다,유현숙
121,플러스 마이너스 제로,마영신
122,전생에 나라를 구한 자,현마담
123,키몽의 호구로운 생활,키몽
124,체벌교사,시노키오
125,파륜아이,박은비
126,불러줘 내 이름만,꿀삼
127,21’ LCK 서머  Summer is Coming,빛돌
128,닭은 의외로 위대하다,미역의효능
129,날씨의 요정,이이영
130,유리의 벽,조호
131,너에게 투 혼(魂)!,롱토피아
132,우리가 헤어진 사이에,오하
133,크레센도,김탐미
134,김탐정 사용설명서,이장희
135,미완결,네온비
136,폭군황제의 첫사랑,김수오
137,니니툰즈,니니즈
138,주말 도미 시식회,이용우
139,천연 天緣,ALIC
140,백작가의 불청객들,아르누니
141,허약선생,철범
142,반지하셋방,평범한 자매
143,후궁공략,봉봉
144,할매,재후
145,풍검,김철현
146,별똥별이 떨어지는 그 곳에서 기다려,만물상
147,쥐덫,오닛
148,오늘은 꼭 고백할 거야!,CHYA
149,이세계 전담반,손희준
150,선택은 하나,박만두
151,어린 (물고기 비늘),윤태호
152,이뤄질 수 없는 마녀의 소망,해청
153,부기영화,급소가격
154,랜딩,설구
155,정의는 죽지 않는다,크레용
156,순정 히포크라테스,골드키위새
157,너에게 가는 거리 2091km,빵시헌
158,멀리서 보면 푸른 봄,지늉
159,이토록 보통의,캐롯
160,랑데부,Hun
161,구슬의 주인,갸가
162,우리반 숙경이,해밀 외 1인
163,샤크,운(雲)
164,취향저격 그녀,로즈옹
165,내일도 출근!,맥퀸스튜디오
166,주간소년열애사,박시인
167,남의 사랑 이야기,사란
168,퀴퀴한 일기,2B
169,가드패스,오손도손
170,슬프게도 이게 내 인생,슬
171,트레이스 리마스터,네스티캣
172,백의조각,홍일
173,언데드킹,윤준식
174,우범소년,병장
175,질투유발자들,김꽁
176,무법대학,기령
177,일진에게 찍혔을 때,언정이
178,그 아해,권계림
179,이상징후,잇선
180,이토록 보통의,캐롯
181,내 친구는 선녀보살,챰
182,크라우드,만두비
183,씨방것들,오청
184,미래의 사진,낑깡
185,하렘생존기,오리발
