,author,writer,illustrator
0,작가: 윤박,작가: 윤박,작가: 윤박
1,작가: 박바퀴,작가: 박바퀴,작가: 박바퀴
2,작가: 바싹탄숯,작가: 바싹탄숯,작가: 바싹탄숯
3,작가: 샤다라빠,작가: 샤다라빠,작가: 샤다라빠
4,작가: 사부로우타,작가: 사부로우타,작가: 사부로우타
5,작가: 밍과,작가: 밍과,작가: 밍과
6,작가: 김지효,작가: 김지효,작가: 김지효
7,작가: 포카,작가: 포카,작가: 포카
8,작가: 성원,작가: 성원,작가: 성원
9,작가: 므앵갱,작가: 므앵갱,작가: 므앵갱
10,작가: 해연,작가: 해연,작가: 해연
11,작가: 캐너피,작가: 캐너피,작가: 캐너피
12,작가: 스미야 제니코,작가: 스미야 제니코,작가: 스미야 제니코
13,작가: 김보통,작가: 김보통,작가: 김보통
14,작가: 히눈,작가: 히눈,작가: 히눈
15,작가: 박바퀴,작가: 박바퀴,작가: 박바퀴
16,작가: 고지라군,작가: 고지라군,작가: 고지라군
17,작가: 후지타,작가: 후지타,작가: 후지타
18,작가: kalma,작가: kalma,작가: kalma
19,작가: 이지피,작가: 이지피,작가: 이지피
20,그림: 박담 / 글: 영하, 글: 영하,그림: 박담 
21,작가: 이이런,작가: 이이런,작가: 이이런
22,작가: 조만국,작가: 조만국,작가: 조만국
23,작가: 이파도,작가: 이파도,작가: 이파도
24,작가: 차현,작가: 차현,작가: 차현
25,그림: 소보로 / 글: 여로, 글: 여로,그림: 소보로 
26,작가: 눅쓰,작가: 눅쓰,작가: 눅쓰
27,작가: 깨알,작가: 깨알,작가: 깨알
28,작가: 임인스,작가: 임인스,작가: 임인스
29,작가: 박지연,작가: 박지연,작가: 박지연
30,작가: 라쿠다,작가: 라쿠다,작가: 라쿠다
31,작가: 파고,작가: 파고,작가: 파고
32,작가: 김보통,작가: 김보통,작가: 김보통
33,"작가: 스튜디오 열일, 스튜디오 질풍","작가: 스튜디오 열일, 스튜디오 질풍","작가: 스튜디오 열일, 스튜디오 질풍"
34,작가: NAKTA,작가: NAKTA,작가: NAKTA
35,작가: 활기,작가: 활기,작가: 활기
36,작가: 핑푸,작가: 핑푸,작가: 핑푸
37,작가: 박바퀴,작가: 박바퀴,작가: 박바퀴
38,작가: 우주,작가: 우주,작가: 우주
39,작가: 목도리,작가: 목도리,작가: 목도리
40,작가: 부발,작가: 부발,작가: 부발
41,그림: ASURA / 글: 마사토끼, 글: 마사토끼,그림: ASURA 
42,작가: 샤다라빠,작가: 샤다라빠,작가: 샤다라빠
43,작가: 김달,작가: 김달,작가: 김달
44,작가: 쑤,작가: 쑤,작가: 쑤
45,"작가: 강지영, 하가","작가: 강지영, 하가","작가: 강지영, 하가"
46,작가: 나뭇,작가: 나뭇,작가: 나뭇
47,작가: 심모람,작가: 심모람,작가: 심모람
48,그림: 김병관 / 글: 이은정, 글: 이은정,그림: 김병관 
49,작가: 김저키,작가: 김저키,작가: 김저키
50,작가: 반메,작가: 반메,작가: 반메
51,작가: 팀만나,작가: 팀만나,작가: 팀만나
52,그림: 박담 / 글: 영하, 글: 영하,그림: 박담 
53,그림: WAJE / 글: 찐밤, 글: 찐밤,그림: WAJE 
54,작가: 라쿠타 쇼코,작가: 라쿠타 쇼코,작가: 라쿠타 쇼코
55,작가: 주은,작가: 주은,작가: 주은
56,작가: 스튜디오 스텔라즈,작가: 스튜디오 스텔라즈,작가: 스튜디오 스텔라즈
57,작가: 뉴라,작가: 뉴라,작가: 뉴라
58,작가: 김팍새,작가: 김팍새,작가: 김팍새
59,작가: 김보통,작가: 김보통,작가: 김보통
60,그림: 룡키 / 글: 박연조 / 그림: 재재, 글: 박연조 ,그림: 룡키 
61,작가: 스튜디오 웨이브,작가: 스튜디오 웨이브,작가: 스튜디오 웨이브
62,작가: 박바퀴,작가: 박바퀴,작가: 박바퀴
63,작가: 와나나,작가: 와나나,작가: 와나나
64,작가: 인디고,작가: 인디고,작가: 인디고
65,작가: 하몽,작가: 하몽,작가: 하몽
66,작가: 김첨지,작가: 김첨지,작가: 김첨지
67,작가: 티오비,작가: 티오비,작가: 티오비
68,작가: 샤다라빠,작가: 샤다라빠,작가: 샤다라빠
69,작가: 권골수,작가: 권골수,작가: 권골수
70,그림: 네치 / 글: 선마, 글: 선마,그림: 네치 
71,작가: 엠제이,작가: 엠제이,작가: 엠제이
72,작가: 토너진,작가: 토너진,작가: 토너진
73,글: 서하 / 그림: 은나,글: 서하 , 그림: 은나
74,글: 유희 / 그림: 포엠,글: 유희 , 그림: 포엠
75,작가: 김보통,작가: 김보통,작가: 김보통
76,작가: 김보통,작가: 김보통,작가: 김보통
77,작가: 레바,작가: 레바,작가: 레바
78,작가: 두긍,작가: 두긍,작가: 두긍
79,작가: 하리보,작가: 하리보,작가: 하리보
80,작가: 박바퀴,작가: 박바퀴,작가: 박바퀴
81,작가: 마롭-믹,작가: 마롭-믹,작가: 마롭-믹
82,작가: 김맹,작가: 김맹,작가: 김맹
83,작가: 영일,작가: 영일,작가: 영일
84,그림: Canaria / 글: 공란, 글: 공란,그림: Canaria 
85,작가: 은하이,작가: 은하이,작가: 은하이
86,작가: 샤다라빠,작가: 샤다라빠,작가: 샤다라빠
87,글: 마사토끼 / 그림: 입개,글: 마사토끼 , 그림: 입개
88,작가: 릴리,작가: 릴리,작가: 릴리
89,작가: 노커,작가: 노커,작가: 노커
90,그림: 윤재호 / 원작: 카넬, 원작: 카넬,그림: 윤재호 
91,작가: 공사,작가: 공사,작가: 공사
92,작가: 오늘만 사는 형제,작가: 오늘만 사는 형제,작가: 오늘만 사는 형제
93,작가: 조만국,작가: 조만국,작가: 조만국
94,작가: 모구스,작가: 모구스,작가: 모구스
95,작가: 진혜리,작가: 진혜리,작가: 진혜리
96,작가: 카리보,작가: 카리보,작가: 카리보
97,작가: 캐너피,작가: 캐너피,작가: 캐너피
98,작가: 조만국,작가: 조만국,작가: 조만국
99,작가: 김보통,작가: 김보통,작가: 김보통
100,작가: 에레세모,작가: 에레세모,작가: 에레세모
101,작가: 김파스,작가: 김파스,작가: 김파스
102,작가: 변태너구리,작가: 변태너구리,작가: 변태너구리
103,작가: 허긴개,작가: 허긴개,작가: 허긴개
104,작가: 수사반장,작가: 수사반장,작가: 수사반장
105,작가: 샤다라빠,작가: 샤다라빠,작가: 샤다라빠
106,작가: 이재,작가: 이재,작가: 이재
107,그림: 죽은고양이 / 글: 폴빠, 글: 폴빠,그림: 죽은고양이 
108,작가: 나솔,작가: 나솔,작가: 나솔
109,작가: 심모람,작가: 심모람,작가: 심모람
110,작가: 정,작가: 정,작가: 정
111,글: 골지 / 원작: 우지혜 / 그림: 해표,글: 골지 , 그림: 해표
112,작가: 영식,작가: 영식,작가: 영식
113,작가: 청혈구,작가: 청혈구,작가: 청혈구
114,그림: 룡키 / 글: 박연조 / 그림: 재재, 글: 박연조 ,그림: 룡키 
115,작가: 핑푸,작가: 핑푸,작가: 핑푸
116,글: 우시목 / 그림: 이하안,글: 우시목 , 그림: 이하안
117,작가: 진5,작가: 진5,작가: 진5
118,작가: 한라감귤,작가: 한라감귤,작가: 한라감귤
119,작가: 샤다라빠,작가: 샤다라빠,작가: 샤다라빠
120,작가: 고리타,작가: 고리타,작가: 고리타
121,글: 미스와플 / 그림: 직가,글: 미스와플 , 그림: 직가
122,글: 개호주 / 그림: 뉴꼬,글: 개호주 , 그림: 뉴꼬
123,작가: 늴릴,작가: 늴릴,작가: 늴릴
124,작가: 헛둘,작가: 헛둘,작가: 헛둘
125,작가: 호이,작가: 호이,작가: 호이
126,글: 빌뱅 / 그림: 턱시도펭귄,글: 빌뱅 , 그림: 턱시도펭귄
127,글: HYEYA / 그림: west dog alcohol,글: HYEYA , 그림: west dog alcohol
128,원작: 김성종 / 그림: 스튜디오 웨이브,원작: 김성종 , 그림: 스튜디오 웨이브
129,작가: 서영애,작가: 서영애,작가: 서영애
130,작가: 슬라정,작가: 슬라정,작가: 슬라정
131,작가: 오솟,작가: 오솟,작가: 오솟
132,작가: 레바,작가: 레바,작가: 레바
133,작가: 이연지,작가: 이연지,작가: 이연지
134,작가: 신,작가: 신,작가: 신
135,작가: Happykwak,작가: Happykwak,작가: Happykwak
136,그림: 영모 / 글: 티오비, 글: 티오비,그림: 영모 
137,그림: Sakon / 글: Xero, 글: Xero,그림: Sakon 
